"old_project_id","id","project_id","user_id","type","identifier","online_date","verifcation_by_system","verifcation_by_reviewer","score","created_at","updated_at"
"QUHI-testing-1224","6","18","25","q1","10.13026/m34x-fq90.",NULL,"pending","pending","8","2024-03-17 13:49:20","2024-03-17 13:49:20"
"QUHI-testing-1224","8","18","25","q2","10.3389/fpubh.2022.850619",NULL,"pending","pending","6","2024-03-17 13:49:22","2024-03-17 13:49:22"
"QUHI-testing-1224","9","20","25","q1","10.1109/QRS51102.2020.00045",NULL,"pending","pending","8","2024-03-18 10:02:16","2024-03-18 10:02:16"
"QUHI-testing-2","10","23","25","q1","10.1109/QRS51102.2020.00045",NULL,"pending","pending","8","2024-04-02 09:49:17","2024-04-02 09:49:17"
"QUHI-testing-1","107","22","25","q1","10.1109/64.295134",NULL,"pending","pending","8","2024-09-07 22:03:26","2024-09-07 22:03:26"
"IRCC-2024-412","111","49","48","bookChap","ISBN: 9780443333743",NULL,"pending","pending","4","2024-10-14 17:03:57","2024-10-14 17:03:57"
"IRCC-2024-412","112","49","48","q1","10.1007/s11270-024-07289-w",NULL,"pending","pending","8","2024-10-21 19:44:18","2024-10-21 19:44:18"
"IRCC-2024-429","113","42","55","q1","https://doi.org/10.1002/pol.20240391",NULL,"pending","pending","8","2024-10-23 12:30:35","2024-10-23 12:30:35"
"IRCC-2024-429","114","42","55","q1","https://doi.org/10.1016/j.eurpolymj.2024.112900",NULL,"pending","pending","8","2024-10-23 12:30:36","2024-10-23 12:30:36"
"IRCC-2024-429","115","42","55","q1","https://doi.org/10.3390/s24041128",NULL,"pending","pending","8","2024-10-23 12:30:38","2024-10-23 12:30:38"
"IRCC-2024-003","116","41","39","q1","10.1016/j.mtsust.2024.101015",NULL,"pending","pending","8","2024-10-27 08:48:09","2024-10-27 08:48:09"
"IRCC-2024-003","117","41","39","q1","10.1016/j.mtsust.2024.101015",NULL,"pending","pending","8","2024-10-27 09:32:16","2024-10-27 09:32:16"
"IRCC-2024-003","118","41","39","q1","10.1016/j.mtsust.2024.101015",NULL,"pending","pending","8","2024-10-27 10:39:59","2024-10-27 10:39:59"
"QUHI-CENG-2425-414","119","44","64","q2","10.1109/ACCESS.2024.3486989",NULL,"pending","pending","6","2024-10-28 07:08:37","2024-10-28 07:08:37"
"QUHI-CENG-2425-414","120","44","64","q2","10.1109/ACCESS.2024.3486989",NULL,"pending","pending","6","2024-10-29 05:57:04","2024-10-29 05:57:04"
"IRCC-2024-554","121","54","10","q2","10.1109/TDEI.2024.3403072",NULL,"pending","pending","6","2024-10-29 13:09:27","2024-10-29 13:09:27"
"IRCC-2024-494","122","25","52","q1","10.1109/OJCOMS.2024.3449691",NULL,"pending","pending","8","2024-10-30 12:36:04","2024-10-30 12:36:04"
"IRCC-2024-494","123","25","52","q2","10.1109/ACCESS.2024.3395286",NULL,"pending","pending","6","2024-10-30 12:36:05","2024-10-30 12:36:05"
"IRCC-2024-494","124","25","52","conf","10.1109/CCECE59415.2024.10667328",NULL,"pending","pending","2","2024-10-30 12:36:06","2024-10-30 12:36:06"
"IRCC-2024-494","125","25","52","conf","10.1109/CCECE59415.2024.10667083",NULL,"pending","pending","2","2024-10-30 12:36:07","2024-10-30 12:36:07"
"IRCC-2024-494","126","25","52","conf","10.1109/ICC51166.2024.10622697",NULL,"pending","pending","2","2024-10-30 12:36:07","2024-10-30 12:36:07"
"IRCC-2024-520","127","43","50","q1","https://doi.org/10.1007/s42247-024-00640-1",NULL,"pending","pending","8","2024-10-30 12:55:36","2024-10-30 12:55:36"
"IRCC-2024-364","129","48","5","q1","https://doi.org/10.1016/j.scp.2024.101762",NULL,"pending","pending","8","2024-10-31 09:59:02","2024-10-31 09:59:02"
"IRCC-2024-364","130","48","5","q1","https://doi.org/10.1016/j.desal.2024.118195",NULL,"pending","pending","8","2024-10-31 10:10:48","2024-10-31 10:10:48"
"IRCC-2024-499","131","67","49","conf","2",NULL,"pending","pending","2","2024-10-31 16:18:31","2024-10-31 16:18:31"
"IRCC-2024-514","132","39","23","conf","cc",NULL,"pending","pending","0","2024-11-06 14:48:28","2024-11-06 14:48:28"
"CDIRCC-2024-349","149","27","44","q1","10.3390/drones8030111",NULL,"pending","pending","8","2024-12-11 08:59:41","2024-12-11 08:59:41"
"CDIRCC-2024-349","150","27","44","q2","10.1007/s42452-024-06156-x",NULL,"pending","pending","6","2024-12-11 08:59:41","2024-12-11 08:59:41"
"CDIRCC-2024-349","151","27","44","conf","10.1109/ITC-Egypt61547.2024.10620464",NULL,"pending","pending","2","2024-12-11 08:59:42","2024-12-11 08:59:42"
"CDIRCC-2024-349","152","27","44","pubBook","10.1109/IWCMC61514.2024.10592481",NULL,"pending","pending","8","2024-12-11 08:59:43","2024-12-11 08:59:43"
"QUCP-CAS-2025-779","153","252","126","q1","Under review – submitted to Journal of Arabian Studies (Q1). DOI pending.",NULL,"pending","pending","8","2025-10-10 22:24:09","2025-10-10 22:24:09"
"QUCP-CAS-2025-779","154","252","126","q2","Under review – submitted to Gulf Affairs (Q2). DOI pending.",NULL,"pending","pending","6","2025-10-10 22:24:12","2025-10-10 22:24:12"
"QUCP-CAS-2025-779","155","252","126","q3","N/A",NULL,"pending","pending","4","2025-10-10 22:24:13","2025-10-10 22:24:13"
"QUCP-CAS-2025-779","156","252","126","q4","N/A",NULL,"pending","pending","3","2025-10-10 22:24:14","2025-10-10 22:24:14"
"QUCP-CAS-2025-779","157","252","126","conf","Scheduled participation – Gulf Studies Center 10th Annual International Multidisciplinary Conference, Qatar University (Nov 2025).",NULL,"pending","pending","2","2025-10-10 22:24:15","2025-10-10 22:24:15"
"QUCP-CAS-2025-779","158","252","126","pubBook","In progress – based on PhD dissertation (expected 2026).",NULL,"pending","pending","8","2025-10-10 22:24:15","2025-10-10 22:24:15"
"QUCP-CAS-2025-779","159","252","126","editBook","N/A",NULL,"pending","pending","6","2025-10-10 22:24:16","2025-10-10 22:24:16"
"QUCP-CAS-2025-779","160","252","126","bookChap","In progress – revision under review.",NULL,"pending","pending","4","2025-10-10 22:24:17","2025-10-10 22:24:17"
"QUCP-CENG-2025-780","161","255","127","q1","Under review – submitted to Architecture and cultural studies journal (Q1). DOI pending.",NULL,"pending","pending","8","2025-10-11 21:09:44","2025-10-11 21:09:44"
"QUCP-CENG-2025-780","162","255","127","q1","Under review – submitted to Journal in architectural heritage and design studies (Q1). DOI pending.",NULL,"pending","pending","8","2025-10-11 21:09:45","2025-10-11 21:09:45"
"QUCP-CENG-2025-780","163","255","127","q1","Under review – submitted to Architecture and built environment journal (Q1). DOI pending.",NULL,"pending","pending","8","2025-10-11 21:09:46","2025-10-11 21:09:46"
"QUCP-CENG-2025-780","164","255","127","q1","Under review – submitted to Architecture and cultural studies journal (Q1). DOI pending.",NULL,"pending","pending","8","2025-10-11 21:18:38","2025-10-11 21:18:38"
"QUCP-CENG-2025-780","165","255","127","q1","Under review – submitted to Journal in architectural heritage and design studies (Q1). DOI pending.",NULL,"pending","pending","8","2025-10-11 21:18:39","2025-10-11 21:18:39"
"QUCP-CENG-2025-780","166","255","127","q1","Under review – submitted to Architecture and built environment journal (Q1). DOI pending.",NULL,"pending","pending","8","2025-10-11 21:18:40","2025-10-11 21:18:40"
"IRCC-2025-633","167","230","108","conf","https://doi.org/10.1109/ACDSA65407.2025.11166434",NULL,"pending","pending","2","2025-10-14 08:20:33","2025-10-14 08:20:33"
"IRCC-2025-633","168","230","108","conf","https://www.fmlds.org/program-schedule.php",NULL,"pending","pending","2","2025-10-14 08:20:34","2025-10-14 08:20:34"
"IRCC-2025-633","169","230","108","conf","https://adma2025.github.io/",NULL,"pending","pending","2","2025-10-14 08:20:37","2025-10-14 08:20:37"
"QUHI-CENG-25/26-665","170","235","118","q1","https://doi.org/10.1109/TCDS.2025.3597742",NULL,"pending","pending","8","2025-10-20 15:53:19","2025-10-20 15:53:19"
"QUHI-CENG-25/26-747","171","237","120","q1","https://doi.org/10.3390/w17132035",NULL,"pending","pending","8","2025-10-22 16:05:52","2025-10-22 16:05:52"
"QUCG-CAM-25/26-696","172","258","50","q1","https://doi.org/10.1016/j.jece.2025.117514",NULL,"pending","pending","8","2025-10-23 19:03:23","2025-10-23 19:03:23"
"QUCG-CAM-25/26-696","173","258","50","q1","https://doi.org/10.1016/j.jece.2025.115713",NULL,"pending","pending","8","2025-10-23 19:03:24","2025-10-23 19:03:24"
"QUCG-CHS-25/26-736","174","278","153","q1","10.3390/ijms26083520",NULL,"pending","pending","8","2025-10-29 10:17:15","2025-10-29 10:17:15"
"QUCG-CHS-25/26-736","175","278","153","q1","10.1016/j.jhin.2025.09.010",NULL,"pending","pending","8","2025-10-29 10:17:16","2025-10-29 10:17:16"
"QUCG-CPH-25/26-782","176","282","148","q1","https://doi.org/10.3390/antibiotics14101049",NULL,"pending","pending","8","2025-10-29 14:48:08","2025-10-29 14:48:08"
"QUCP-CHS-2024-519","177","303","179","q1","10.3390/biomedicines13020447",NULL,"pending","pending","8","2025-10-30 12:51:06","2025-10-30 12:51:06"
"IRCC-2025-785","178","229","116","conf","10.1109/IGARSS53475.2025.10641944",NULL,"pending","pending","2","2025-10-31 21:34:18","2025-10-31 21:34:18"
"QUCP-CENG-2024-439","187","299","174","q2","https://doi.org/10.1115/1.4067966",NULL,"pending","pending","6","2025-11-04 09:02:26","2025-11-04 09:02:26"
"QUCG-CPH-25/26-838","188","285","147","q1","https://doi.org/10.1136/bmjopen-2025-106073",NULL,"pending","pending","8","2025-11-04 11:33:36","2025-11-04 11:33:36"
"QUCG-CED-25/26-770","190","266","136","pubBook","1 under printing",NULL,"pending","pending","8","2025-11-04 15:34:50","2025-11-04 15:34:50"
"IRCC-2024-335","191","45","47","q1","https://doi.org/10.1016/j.wmb.2024.12.001",NULL,"pending","pending","8","2025-11-05 07:37:47","2025-11-05 07:37:47"
"IRCC-2024-335","192","45","47","conf","https://doi.org/10.3997/2214-4609.2025638029",NULL,"pending","pending","2","2025-11-05 07:37:48","2025-11-05 07:37:48"
"IRCC-2024-335","193","45","47","conf","https://doi.org/10.3997/2214-4609.2025638030",NULL,"pending","pending","2","2025-11-05 07:37:50","2025-11-05 07:37:50"
"QUHI-CENG-25/26-747","194","237","120","q1","https://doi.org/10.1016/j.chemosphere.2025.144735",NULL,"pending","pending","8","2025-11-10 22:07:07","2025-11-10 22:07:07"
"QUHI-CENG-25/26-747","195","237","120","q2","https://doi.org/10.3390/membranes15110337",NULL,"pending","pending","6","2025-11-10 22:07:10","2025-11-10 22:07:10"
"QUCG-CED-25/26-770","196","266","136","q1","https://doi.org/10.3390/ educsci15111541",NULL,"pending","pending","8","2025-11-15 17:23:52","2025-11-15 17:23:52"
"QUCG-CED-25/26-770","197","266","136","q1","https://doi.org/ 10.3390/su172210042",NULL,"pending","pending","8","2025-11-15 17:23:52","2025-11-15 17:23:52"
"QUHI-CENG-2425-414","198","44","64","q2","10.1109/ACCESS.2025.3539792",NULL,"pending","pending","6","2026-01-11 05:34:14","2026-01-11 05:34:14"
"QUHI-CENG-2425-414","199","44","64","q2","10.1109/ACCESS.2024.3486989",NULL,"pending","pending","6","2026-01-11 05:34:15","2026-01-11 05:34:15"
"QUHI-CENG-2425-414","200","44","64","q2","10.1109/ACCESS.2025.3560065",NULL,"pending","pending","6","2026-01-11 05:34:16","2026-01-11 05:34:16"
"QUHI-CENG-2425-414","201","44","64","q2","10.1109/ACCESS.2025.3591057",NULL,"pending","pending","6","2026-01-11 05:34:16","2026-01-11 05:34:16"
"QUHI-CENG-2425-414","202","44","64","q2","10.1016/j.egyr.2025.09.042",NULL,"pending","pending","6","2026-01-11 05:34:17","2026-01-11 05:34:17"
"QUHI-CENG-2425-427","209","51","65","q1","10.1016/j.apmt.2025.102827",NULL,"pending","pending","8","2026-01-21 07:21:57","2026-01-21 07:21:57"
"QUHI-CENG-2425-427","210","51","65","q2","10.1016/j.materresbull.2025.113666",NULL,"pending","pending","6","2026-01-21 07:21:58","2026-01-21 07:21:58"
"QUHI-CENG-2425-427","211","51","65","q2","10.1016/j.materresbull.2024.113173",NULL,"pending","pending","6","2026-01-21 07:21:59","2026-01-21 07:21:59"
"QUHI-CENG-2425-427","212","51","65","conf","10.1149/MA2025-025820mtgabs",NULL,"pending","pending","2","2026-01-21 07:22:00","2026-01-21 07:22:00"
"QUHI-CENG-2425-427","213","51","65","bookChap","10.1016/B978-0-323-96022-9.00008-6",NULL,"pending","pending","4","2026-01-21 07:22:01","2026-01-21 07:22:01"
"QUHI-CENG-2425-436","214","65","66","q1","10.1016/j.surfcoat.2025.132316",NULL,"pending","pending","8","2026-01-28 11:52:40","2026-01-28 11:52:40"
"QUHI-CENG-2425-436","215","65","66","q1","10.1016/j.porgcoat.2025.109743",NULL,"pending","pending","8","2026-01-28 11:52:41","2026-01-28 11:52:41"
"QUHI-CENG-2425-436","216","65","66","q1","h10.1016/j.engfailanal.2025.109624",NULL,"pending","pending","8","2026-01-28 11:52:42","2026-01-28 11:52:42"
"QUHI-CENG-2425-436","217","65","66","pubBook","10.1021/bk-2025-1513",NULL,"pending","pending","8","2026-01-28 11:52:43","2026-01-28 11:52:43"
"IRCC-2024-514","218","39","23","q1","https://doi.org/10.1007/s11280-025-01375-7",NULL,"pending","pending","8","2026-01-31 21:44:00","2026-01-31 21:44:00"
"IRCC-2024-514","219","39","23","q1","https://doi.org/10.3390/su17094215",NULL,"pending","pending","8","2026-01-31 21:44:04","2026-01-31 21:44:04"
"IRCC-2024-514","220","39","23","q1","https://doi.org/10.1007/s00521-024-09869-7",NULL,"pending","pending","8","2026-01-31 21:44:04","2026-01-31 21:44:04"
"IRCC-2024-514","221","39","23","q2","https://doi.org/10.1007/978-981-96-0579-8_23",NULL,"pending","pending","6","2026-01-31 21:44:08","2026-01-31 21:44:08"
"IRCC-2024-514","222","39","23","q2","https://doi.org/10.1007/978-981-96-0579-8_30",NULL,"pending","pending","6","2026-01-31 21:44:11","2026-01-31 21:44:11"
"IRCC-2024-514","223","39","23","q3","https://doi.org/10.1007/978-3-031-93323-3_3",NULL,"pending","pending","4","2026-01-31 21:44:14","2026-01-31 21:44:14"
"IRCC-2024-514","224","39","23","q3","https://doi.org/10.1007/978-3-032-09700-2_24",NULL,"pending","pending","4","2026-01-31 21:44:18","2026-01-31 21:44:18"
"IRCC-2024-514","225","39","23","q3","https://doi.org/10.1007/978-3-031-93323-3_23",NULL,"pending","pending","4","2026-01-31 21:44:21","2026-01-31 21:44:21"
"IRCC-2024-364","227","48","5","q1","Emergent Materials; Under review",NULL,"pending","pending","8","2026-02-01 11:38:21","2026-02-01 11:38:21"
